{
  "loss record":
  [0.08069237951887771, 0.07019972292851889, 0.0580421503179241, 0.057177800530698736, 0.057082190792843907, 0.05919464236911153, 0.04698021842399612, 0.06799360062010237, 0.042185476122695034, 0.05212084334625615, 0.04878983552494105, 0.06923666884134833, 0.0493515153741555, 0.0487389644846894, 0.06242626734549333, 0.0795659253930944, 0.04887713925137177, 0.061326667872064033, 0.04941204142026436, 0.054631526782866334, 0.05162353955944013, 0.056389046081433206, 0.054159064099018224, 0.06310688442810715, 0.06030562711578007, 0.07003765395231874, 0.05408607491436101, 0.07046393168814688, 0.06535030931142458, 0.06492422533249624, 0.06251896204318598, 0.06712023589909392, 0.06402412767747061, 0.05967374230102962, 0.06540546088510549, 0.07699223291669995, 0.06734402009568612, 0.06175498434224536, 0.05795894770292824, 0.07142467190774418, 0.06751543675427123, 0.06464070643928238, 0.055325232936461785, 0.059459587789934536, 0.0690758879394675, 0.07532487163844948, 0.06278452692604745, 0.07035815039036747, 0.07106355055964186, 0.06702930676101988, 0.09373288733212785, 0.07189759840848829, 0.08030117663506171, 0.08123077353377837, 0.0695936352062111, 0.06819203346453412, 0.061981640494280545, 0.07127681426647282, 0.07532842600424516, 0.08578993420397854],
"acc record":
[0.9746,0.9772,0.9816, 0.9824, 0.9831, 0.9818, 0.9852, 0.9799, 0.9873, 0.9859, 0.9877, 0.9820, 0.9854, 0.9881, 0.9830, 0.9815, 0.9882, 0.9845, 0.9886, 0.9864, 0.9875, 0.9865, 0.9881, 0.9870, 0.9864, 0.9862, 0.9887, 0.9849, 0.9875, 0.9873, 0.9876, 0.9881, 0.9874, 0.9881, 0.9870, 0.9863, 0.9879, 0.9891, 0.9887, 0.9848, 0.9886, 0.9883, 0.9886, 0.9886, 0.9888, 0.9872, 0.9886, 0.9875, 0.9882, 0.9877, 0.9856, 0.9878, 0.9869, 0.9865, 0.9873, 0.9888, 0.9887, 0.9869, 0.9878, 0.9867]

}