{
    "E_cost": [
        36.56443179044886,
        36.56443179044886,
        36.56443179044886,
        36.56443179044886,
        36.56443179044886,
        36.56443179044886,
        36.56443179044886,
        36.56443179044886,
        36.56443179044886,
        36.56443179044886,
        36.56443179044886,
        36.56443179044886,
        36.56443179044886,
        36.56443179044886,
        36.56443179044886,
        36.56443179044886,
        36.56443179044886,
        36.56443179044886,
        36.56443179044886,
        36.56443179044886,
        36.56443179044886,
        36.56443179044886,
        36.56443179044886,
        36.56443179044886,
        36.56443179044886,
        36.56443179044886,
        36.56443179044886,
        36.56443179044886,
        36.56443179044886,
        36.56443179044886,
        36.56443179044886,
        36.56443179044886,
        36.56443179044886,
        36.56443179044886,
        36.56443179044886,
        36.56443179044886,
        36.56443179044886,
        36.56443179044886,
        36.56443179044886,
        36.56443179044886,
        36.56443179044886,
        36.56443179044886,
        36.56443179044886,
        36.56443179044886,
        36.56443179044886,
        36.56443179044886,
        36.56443179044886,
        36.56443179044886,
        36.56443179044886,
        36.56443179044886,
        36.56443179044886,
        36.56443179044886,
        36.56443179044886,
        36.56443179044886,
        36.56443179044886,
        36.56443179044886,
        36.56443179044886,
        36.56443179044886,
        36.56443179044886,
        36.56443179044886
    ],
    "loss": [
        0.455887553691864,
        0.1355147084617056,
        0.09537078227149323,
        0.0796407971647568,
        0.06921023010625504,
        0.06184375320794061,
        0.06171526577381883,
        0.05475854081334546,
        0.05511637835064903,
        0.05216239301633323,
        0.052653230714204254,
        0.051036880880128595,
        0.04547843539708993,
        0.046657744093972726,
        0.04338157228034106,
        0.04572154863883043,
        0.04447009269715636,
        0.04327041578522767,
        0.04377468451566528,
        0.04132570108034997,
        0.04259974601362046,
        0.039060091453575294,
        0.038875626563531114,
        0.04055425565442419,
        0.04084636839019368,
        0.04119828165650688,
        0.0396723167201344,
        0.039251319811992286,
        0.039836103442285095,
        0.038998878738493656,
        0.03938948087807148,
        0.040427035661414264,
        0.03917643961627618,
        0.038511757250344086,
        0.03844201204679848,
        0.04011572753879591,
        0.03887852147707235,
        0.03723903247635462,
        0.03921865053325746,
        0.04021494763388546,
        0.03949884539506456,
        0.038001526130974524,
        0.037686554221090775,
        0.03977679728763178,
        0.04041381405623724,
        0.03923399095904642,
        0.03891298496087984,
        0.040999865460203185,
        0.0407382335645525,
        0.03847997682347341,
        0.03964126391022546,
        0.042568639997707575,
        0.04131858542987175,
        0.039482565673160934,
        0.03885879726686653,
        0.040290238474999567,
        0.03951729539765438,
        0.04209352343827732,
        0.04231981696479124,
        0.03979075417449167
    ],
    "acc": [
        0.8811918985843659,
        0.9586969465017319,
        0.9714969474077225,
        0.9745979571342468,
        0.9783979570865631,
        0.9806979554891586,
        0.980397954583168,
        0.9820979535579681,
        0.9826979559659957,
        0.9834969466924668,
        0.9834969455003738,
        0.9834969455003738,
        0.9854979556798935,
        0.9844969439506531,
        0.9863969457149505,
        0.9853979563713073,
        0.9860979551076889,
        0.9854979532957077,
        0.9861979550123214,
        0.986997954249382,
        0.9861979538202286,
        0.9875979554653168,
        0.9870979535579681,
        0.9866969418525696,
        0.9871979534626008,
        0.9869969451427459,
        0.9883999741077423,
        0.9878969442844391,
        0.987796944975853,
        0.9875979542732238,
        0.9880979537963868,
        0.9875969445705414,
        0.9881959348917008,
        0.9881979531049728,
        0.9888989639282226,
        0.9887959331274032,
        0.9884979540109634,
        0.9886979538202286,
        0.9880969446897506,
        0.9891969466209412,
        0.9887969446182251,
        0.988797954916954,
        0.9890979558229447,
        0.989496945142746,
        0.988297952413559,
        0.9883979511260986,
        0.9893979531526566,
        0.988597953915596,
        0.988696944117546,
        0.989298963546753,
        0.9895969444513321,
        0.9884969431161881,
        0.9882989627122879,
        0.9890969443321228,
        0.9879979526996613,
        0.9891979539394379,
        0.9891979539394379,
        0.9891969436407089,
        0.9887969434261322,
        0.988696944117546
    ]
}