{
    "E_cost": [
        6.831528153987289,
        8.605650317030928,
        8.007370866461908,
        7.333619347546254,
        7.908213595499958,
        8.410678406009827,
        12.521562329783656,
        11.9176102550928,
        10.752382450983621,
        5.696820393249937,
        7.288114969578876,
        6.713163105724556,
        11.726669127533635,
        9.723859258196459,
        13.428780549425378,
        10.915549317506656,
        10.587544699709127,
        7.986524158061725,
        8.749684886366493,
        10.37842534212242,
        7.412632800429791,
        9.369496489063195,
        12.151080095137067,
        8.380587024213298,
        7.156524158061724,
        6.739875738909909,
        5.748366870536343,
        10.276177276241437,
        8.548758213637267,
        9.04734889114037,
        10.669994144925337,
        12.130768723046359,
        5.928292222699218,
        9.161661925296379,
        8.624268723046358,
        7.445705430228725,
        9.060212513921044,
        5.674320393249937,
        11.040804390453678,
        7.774827108283605,
        7.947704249800546,
        9.50159664627976,
        9.758375520796337,
        7.832338716549054,
        5.900842712474619,
        8.053010659580075,
        11.650646791745519,
        7.729721147617607,
        8.18761081679664,
        7.873370866461908,
        8.29997365172289,
        5.49151648071345,
        8.689260072786364,
        9.087174089844812,
        7.849666020071206,
        4.715070478491457,
        9.355991834728767,
        11.840933824461764,
        8.865755903440693,
        7.106768723046357
    ],
    "loss": [
        0.2261896814685315,
        0.13257569413632153,
        0.09857218502555043,
        0.08459871975937858,
        0.08168362248135963,
        0.08018894018096034,
        0.06784940906916745,
        0.06532010431023082,
        0.05897021675977157,
        0.06209899660199881,
        0.07045588139822939,
        0.06338304512639298,
        0.05736640196468215,
        0.053188855417247397,
        0.050776818125596035,
        0.055478834043897224,
        0.050714746804442254,
        0.04847927957947831,
        0.051102402390970386,
        0.04338420584244886,
        0.05199747123955603,
        0.050014383985762835,
        0.049288591548975094,
        0.046182734007161344,
        0.049446069892655944,
        0.04628907832404366,
        0.04480383304238785,
        0.04786678536984255,
        0.04138268681737827,
        0.049022607494498514,
        0.04727550789470115,
        0.04197861951692175,
        0.05087323423249472,
        0.043360705015365965,
        0.04434311791803339,
        0.04355420530904666,
        0.043542187661478236,
        0.04051792237340123,
        0.0477573329896768,
        0.041254887917020824,
        0.040749946749565426,
        0.046045997418113986,
        0.043869766774841994,
        0.044451763212473454,
        0.03936999258148717,
        0.04230626639920956,
        0.045369136074041305,
        0.044898015462422336,
        0.04105729908396825,
        0.042317258959519675,
        0.04188052815799893,
        0.04423793021366691,
        0.04599503423079113,
        0.043072354088290014,
        0.043715490114627754,
        0.04077954588472494,
        0.04310409759897084,
        0.04230122725404726,
        0.04291942011330775,
        0.04514994154762462
    ],
    "acc": [
        0.9378918993473053,
        0.9585979574918747,
        0.968597953915596,
        0.9727959364652634,
        0.9723979544639587,
        0.9729969483613968,
        0.9775969409942626,
        0.9804959362745285,
        0.9817969471216201,
        0.9806959372758866,
        0.9778939145803451,
        0.9782969480752945,
        0.9824959343671799,
        0.9832979536056519,
        0.9837959349155426,
        0.9832959353923798,
        0.9853979557752609,
        0.9839969462156296,
        0.9847969490289689,
        0.985095933675766,
        0.9842959386110306,
        0.9842979556322098,
        0.9847979551553726,
        0.9863979542255401,
        0.9856969463825226,
        0.9854979580640792,
        0.9855979526042938,
        0.9852989637851715,
        0.9872969442605972,
        0.9859959369897843,
        0.9857969427108765,
        0.9864979577064514,
        0.9847989678382874,
        0.9860969454050064,
        0.9863979506492615,
        0.9871959364414216,
        0.986896943449974,
        0.9877989655733108,
        0.9864969426393508,
        0.9870969438552857,
        0.9880979555845261,
        0.9868979543447495,
        0.9870989674329758,
        0.986197954416275,
        0.9871989619731903,
        0.9866959357261658,
        0.9862969464063644,
        0.9880989634990692,
        0.9877989608049392,
        0.9870989644527435,
        0.9881989645957947,
        0.9873969465494156,
        0.9875979542732238,
        0.9881969445943832,
        0.9874979543685913,
        0.9876959329843521,
        0.9871979528665542,
        0.9878969436883926,
        0.9871979540586472,
        0.9875969415903092
    ]
}