{
  "loss record":
          [0.7052479320764542, 0.6118918503820896, 0.6338530526682734, 0.5976968511939049, 0.6048545286059379, 0.6379082036018372, 0.6876805327087641, 0.70345220297575, 0.7101725336909294, 0.8084517835080623, 0.8248635382205248, 0.8794042340666056, 0.9210654997080564, 0.9489747481048108, 0.9629203340411187, 1.0163597632944583, 1.0108531445264817, 1.0180096977949142, 1.0373881912231446, 1.0627889882028103, 1.17328759688884, 1.0933024773001672, 1.177737448513508, 1.12173588514328, 1.1376947937905788, 1.1469228295981884, 1.1588038766384126, 1.157741441167891, 1.2817740939557551, 1.2211328260600567, 1.1808440771698951, 1.2322540673986078, 1.3498809617757797, 1.2409289510548114, 1.2899566021002828, 1.3129201853275299, 1.2800109373033046, 1.3943773908913135, 1.2919757804274559, 1.3727011889219285, 1.3246302664279939, 1.2825672340393066, 1.3309685325622558, 1.4385539072751998, 1.3776816534996033, 1.399854263290763, 1.4430105601251126, 1.4484517878293992, 1.4849502381682396, 1.4120894990861417, 1.513995802104473, 1.414931313842535, 1.42448566198349, 1.4618185256421565, 1.4649943509697914, 1.4902562905848027, 1.4802254217863082, 1.54390958070755, 1.5313292668759824, 1.5429762092232704],
"acc record":
[0.7548999840021133, 0.7969999814033508, 0.7976999825239182, 0.8142999762296677, 0.8245999795198441, 0.8234999829530716, 0.8160999751091004, 0.830299978852272, 0.8233999818563461, 0.8171999806165695, 0.8213999807834625, 0.8270999789237976, 0.82299997985363, 0.8170999813079834, 0.8230999791622162, 0.8205999821424484, 0.8204999828338623, 0.8207999777793884, 0.8218999797105789, 0.8189999806880951, 0.819899982213974, 0.8313999807834626, 0.8169999814033508, 0.8262999802827835, 0.8214999800920486, 0.8310999810695648, 0.824699980020523, 0.8279999822378159, 0.8229999822378159, 0.8263999801874161, 0.8309999823570251, 0.8247999823093415, 0.8218999797105789, 0.8234999817609787, 0.8250999832153321, 0.8276999807357788, 0.8291999816894531, 0.8194999808073044, 0.8308999800682068, 0.8213999819755554, 0.8275999784469604, 0.8293999814987183, 0.8288999795913696, 0.8200999826192856, 0.8299999791383743, 0.8253999811410904, 0.8258999806642532, 0.8226999819278717, 0.8208999806642532, 0.8308999782800675, 0.8220999819040299, 0.8252999812364579, 0.830299978852272, 0.8254999798536301, 0.8302999806404113, 0.8273999792337418, 0.8252999824285507, 0.8233999800682068, 0.8226999831199646, 0.8288999831676483]
}