{
    "E_cost": [
        8.651048159266775,
        10.356851461583878,
        6.372390871741394,
        6.935941361516797,
        9.26065909323556,
        9.896647119491732,
        12.916375520796334,
        6.180123343471818,
        10.10508695920491,
        6.020340577730574,
        9.233417360311746,
        8.197538861197897,
        6.932862717754105,
        6.6306027686975515,
        6.536320376686505,
        5.957230076213408,
        5.130199778763965,
        6.969217052842777,
        5.140285203759808,
        6.819042564965082,
        8.212601468648115,
        7.149733516992796,
        6.638340331306207,
        8.337312423743285,
        8.417904855211802,
        11.4853830507798,
        6.8935461680797925,
        5.922915501162647,
        9.656682500784656,
        6.864977664211887,
        5.420201987234509,
        5.172347861289671,
        8.065479413319954,
        8.627133938043505,
        7.779355180699072,
        9.140887412183748,
        5.592194174058496,
        8.433699835927031,
        5.443336857399956,
        8.912321172852542,
        6.584775915465683,
        6.951651432450718,
        12.827191259711844,
        4.614304707487102,
        8.421792389433634,
        7.204627916234427,
        4.872132092581076,
        7.492775925283613,
        6.631694886723279,
        7.561073318711707,
        6.938593791299842,
        7.068087376308517,
        6.814713595499958,
        8.250435940109174,
        11.1510970486237,
        9.985086059695647,
        9.850775925283612,
        7.307801684473258,
        9.488930648342734,
        8.91323007621341
    ],
    "loss": [
        1.537629136443138,
        0.9195846435427666,
        0.9338996091485023,
        0.8492999631166458,
        0.7995394249260426,
        0.7341631460189819,
        0.6814577956497669,
        0.6866210719943047,
        0.725064055249095,
        0.6677627947926521,
        0.6617563683539629,
        0.6554053996503353,
        0.6324808058142662,
        0.6478540360182524,
        0.6131868933141231,
        0.6293785913288593,
        0.6618234647810459,
        0.6216929921507836,
        0.6198008331656456,
        0.6227517780661583,
        0.6183935908973217,
        0.6204202070832252,
        0.636180167645216,
        0.5969660127162933,
        0.6072073717415333,
        0.6067353631556034,
        0.6080526861548424,
        0.6545882703363896,
        0.6412427096813917,
        0.6374939516186714,
        0.6262790468335152,
        0.6285370519012212,
        0.6142123141139746,
        0.612536083906889,
        0.6089491183310747,
        0.5865095450729132,
        0.6094843121618032,
        0.6151918832957745,
        0.5962195353209973,
        0.6289769787341356,
        0.6176322892308235,
        0.6150405484437943,
        0.6010469242930412,
        0.6070317622274161,
        0.6174286942183972,
        0.6291571611911059,
        0.6328056688606739,
        0.6140175183862447,
        0.645995534285903,
        0.6332115571200848,
        0.649106327816844,
        0.6184933365881443,
        0.6242867179214955,
        0.6394734058529139,
        0.633784803673625,
        0.6292566937953233,
        0.6361650902032853,
        0.6497658401727676,
        0.6465630345791579,
        0.6428037711977959
    ],
    "acc": [
        0.4434999888017774,
        0.6799999845027923,
        0.6848999854922294,
        0.7142999804019928,
        0.722499985396862,
        0.7501999798417092,
        0.7706999796628952,
        0.7698999834060669,
        0.7571999824047089,
        0.7750999814271927,
        0.780599981546402,
        0.7834999817609787,
        0.7933999809622765,
        0.7844999802112579,
        0.7994999831914902,
        0.7967999821901321,
        0.7884999826550484,
        0.7975999784469604,
        0.8010999810695648,
        0.8019999796152115,
        0.8040999835729599,
        0.8024999779462815,
        0.8039999824762344,
        0.8111999833583832,
        0.8075999796390534,
        0.8121999853849411,
        0.8125999820232391,
        0.8051999813318252,
        0.8108999770879746,
        0.809999977350235,
        0.8091999810934066,
        0.8078999835252761,
        0.8098999792337418,
        0.8152999818325043,
        0.8187999826669693,
        0.8256999832391739,
        0.8206999808549881,
        0.8195999819040298,
        0.8197999811172485,
        0.8185999822616578,
        0.8168999803066254,
        0.8226999813318252,
        0.8274999815225601,
        0.8250999838113785,
        0.8294999825954438,
        0.8207999789714813,
        0.8191999810934066,
        0.8234999811649323,
        0.8215999805927277,
        0.8233999794721604,
        0.8196999818086624,
        0.82299997985363,
        0.8285999792814255,
        0.822499977350235,
        0.8270999813079833,
        0.8291999799013138,
        0.8263999819755554,
        0.8265999799966812,
        0.830199978351593,
        0.8268999809026718
    ]
}