{
    "E_cost": [
        32.71997935832067,
        32.71997935832067,
        32.71997935832067,
        32.71997935832067,
        32.71997935832067,
        32.71997935832067,
        32.71997935832067,
        32.71997935832067,
        32.71997935832067,
        32.71997935832067,
        32.71997935832067,
        32.71997935832067,
        32.71997935832067,
        32.71997935832067,
        32.71997935832067,
        32.71997935832067,
        32.71997935832067,
        32.71997935832067,
        32.71997935832067,
        32.71997935832067,
        32.71997935832067,
        32.71997935832067,
        32.71997935832067,
        32.71997935832067,
        32.71997935832067,
        32.71997935832067,
        32.71997935832067,
        32.71997935832067,
        32.71997935832067,
        32.71997935832067,
        32.71997935832067,
        32.71997935832067,
        32.71997935832067,
        32.71997935832067,
        32.71997935832067,
        32.71997935832067,
        32.71997935832067,
        32.71997935832067,
        32.71997935832067,
        32.71997935832067,
        32.71997935832067,
        32.71997935832067,
        32.71997935832067,
        32.71997935832067,
        32.71997935832067,
        32.71997935832067,
        32.71997935832067,
        32.71997935832067,
        32.71997935832067,
        32.71997935832067,
        32.71997935832067,
        32.71997935832067,
        32.71997935832067,
        32.71997935832067,
        32.71997935832067,
        32.71997935832067,
        32.71997935832067,
        32.71997935832067,
        32.71997935832067,
        32.71997935832067
    ],
    "loss": [
        1.4847605752944946,
        0.9481132316589356,
        0.8258272016048431,
        0.7535897749662399,
        0.7125423315167427,
        0.6779539501667022,
        0.6574997822940349,
        0.63606807872653,
        0.6322195920348167,
        0.6146372066438198,
        0.6042456132173538,
        0.5882319375872612,
        0.5867667390406132,
        0.5851680167019367,
        0.5866524811834097,
        0.5830079986155033,
        0.5839917857944965,
        0.5734591281414032,
        0.5752779702842236,
        0.5768249148130417,
        0.5767281503975391,
        0.5769590631127357,
        0.5737863467633724,
        0.5911093491315842,
        0.5778621213138103,
        0.579571020975709,
        0.5870846551656723,
        0.5842407027631998,
        0.5953915467858315,
        0.5915555341541767,
        0.5814876142144203,
        0.5941092535108328,
        0.5896025875210762,
        0.6025268463790416,
        0.6016750444471836,
        0.6028447493910789,
        0.6029222568869591,
        0.6113663147389888,
        0.6074517744779587,
        0.6232484406232834,
        0.610144194662571,
        0.6234727658331394,
        0.6267543092370034,
        0.618600108474493,
        0.6300121487677097,
        0.6304142528772354,
        0.6422300398349762,
        0.6390598402172327,
        0.6406196095049381,
        0.6390290768444538,
        0.6418361988663673,
        0.6546531464159489,
        0.6547156065702439,
        0.6557860451936722,
        0.6529085655510426,
        0.654207393527031,
        0.6614796245098113,
        0.6585282036662101,
        0.6718751058727502,
        0.6793224729597569
    ],
    "acc": [
        0.48879998579621314,
        0.6704999831318855,
        0.7171999832987785,
        0.740399983227253,
        0.7544999814033508,
        0.7719999822974205,
        0.777399984896183,
        0.78379998087883,
        0.7894999831914902,
        0.7976999801397323,
        0.799999982714653,
        0.8074999797344208,
        0.8073999845981598,
        0.8081999802589417,
        0.8082999789714813,
        0.8129999810457229,
        0.8136999815702438,
        0.8186999815702438,
        0.8188999789953232,
        0.8195999813079834,
        0.8202999848127365,
        0.8217999821901322,
        0.8260999816656113,
        0.8199999797344207,
        0.8234999793767929,
        0.8262999790906906,
        0.8267999815940857,
        0.826699982881546,
        0.8280999803543091,
        0.8298999816179276,
        0.831199979186058,
        0.8292999821901321,
        0.8316999804973603,
        0.8299999821186066,
        0.8276999807357788,
        0.8295999813079834,
        0.8297999829053879,
        0.8301999819278717,
        0.8313999789953231,
        0.8300999826192856,
        0.8299999821186066,
        0.8287999838590622,
        0.8308999824523926,
        0.8330999803543091,
        0.8299999809265137,
        0.8297999769449234,
        0.8276999813318252,
        0.8319999796152114,
        0.832799980044365,
        0.833599978685379,
        0.8315999817848205,
        0.8319999808073044,
        0.8307999801635743,
        0.8307999819517136,
        0.8321999764442444,
        0.8339999794960022,
        0.8293999803066253,
        0.8331999808549881,
        0.8322999829053879,
        0.8328999781608581
    ]
}