{
    "E_cost": [
        6.039914419583733,
        8.651048159266775,
        6.039914419583733,
        10.356851461583878,
        6.372390871741394,
        6.935941361516797,
        9.26065909323556,
        6.039914419583733,
        6.039914419583733,
        6.039914419583733,
        6.039914419583733,
        6.039914419583733,
        9.896647119491732,
        6.039914419583733,
        12.916375520796334,
        6.180123343471818,
        10.10508695920491,
        6.039914419583733,
        6.039914419583733,
        6.020340577730574,
        6.039914419583733,
        6.039914419583733,
        6.039914419583733,
        6.039914419583733,
        6.039914419583733,
        6.039914419583733,
        6.039914419583733,
        6.039914419583733,
        6.039914419583733,
        9.233417360311746,
        6.039914419583733,
        8.197538861197897,
        6.932862717754105,
        6.039914419583733,
        6.6306027686975515,
        6.536320376686505,
        6.039914419583733,
        6.039914419583733,
        6.039914419583733,
        6.039914419583733,
        6.039914419583733,
        6.039914419583733,
        5.957230076213408,
        6.039914419583733,
        5.130199778763965,
        6.039914419583734,
        6.039914419583733,
        6.039914419583733,
        6.039914419583733,
        6.039914419583733,
        6.969217052842777,
        6.039914419583733,
        6.039914419583733,
        5.140285203759808,
        6.819042564965082,
        6.039914419583733,
        6.039914419583733,
        8.212601468648115,
        6.039914419583733,
        7.149733516992796
    ],
    "loss": [
        1.461848520040512,
        0.9783748844265938,
        0.9252416861057281,
        0.8065532335639,
        0.771046661734581,
        0.7697346673905849,
        0.7362588289380073,
        0.7454399998486042,
        0.7473769375681877,
        0.7547526079416275,
        0.7613779065012932,
        0.7848374384641648,
        0.6993394273519516,
        0.7652306209504605,
        0.6901937494426966,
        0.652048821747303,
        0.6556602022051812,
        0.6791569410264492,
        0.708726764023304,
        0.6844007078558206,
        0.701770576685667,
        0.743142272979021,
        0.7639294391870499,
        0.8037118148803711,
        0.8297498562932014,
        0.8259358331561089,
        0.9049735528230667,
        0.9011587625741959,
        0.8866360804438591,
        0.7175451029092074,
        0.8085892263054848,
        0.747745052576065,
        0.6787606237828732,
        0.7508002614974976,
        0.6905038025975228,
        0.6733827191591263,
        0.7347551856935024,
        0.7909594687819481,
        0.8256567128002643,
        0.8351410043239593,
        0.8786888474225998,
        0.898310528844595,
        0.7723347201943398,
        0.8558288748562336,
        0.8103873907029628,
        0.8644278812408447,
        0.8947665202617645,
        0.9268429347872734,
        0.9867012086510658,
        0.953435682952404,
        0.7835134279727936,
        0.9059879620373249,
        0.9663721092045308,
        0.8188165827095508,
        0.7782771115005016,
        0.8557918649911881,
        0.9191090513765812,
        0.7468946002423763,
        0.8694138510525227,
        0.7647912663966417
    ],
    "acc": [
        0.4921999880671501,
        0.6552999806404114,
        0.6771999812126159,
        0.7248999828100204,
        0.7350999808311462,
        0.737199983894825,
        0.7487999814748764,
        0.7480999821424484,
        0.7532999834418297,
        0.7562999805808067,
        0.7557999801635742,
        0.7560999828577042,
        0.7739999878406525,
        0.7633999812602997,
        0.7775999814271927,
        0.7853999805450439,
        0.7871999830007553,
        0.7878999820351601,
        0.782899980545044,
        0.7854999834299088,
        0.7897999781370163,
        0.7867999809980393,
        0.782799978852272,
        0.7794999814033509,
        0.7706999802589416,
        0.7784999832510948,
        0.7705999821424484,
        0.7712999814748764,
        0.7743999812006951,
        0.7892999839782715,
        0.7864999812841416,
        0.7836999824643135,
        0.802099980711937,
        0.7968999820947648,
        0.7964999812841416,
        0.7975999814271927,
        0.7954999804496765,
        0.7899999809265137,
        0.7850999823212623,
        0.7861999815702438,
        0.7736999797821045,
        0.7827999812364578,
        0.7899999797344208,
        0.7885999837517739,
        0.780399983227253,
        0.7856999799609184,
        0.785699980854988,
        0.7875999826192855,
        0.7759999796748162,
        0.7802999812364578,
        0.7905999779701233,
        0.7868999809026718,
        0.7782999828457833,
        0.789899982213974,
        0.7949999815225601,
        0.7939999806880951,
        0.7859999823570252,
        0.8017999798059463,
        0.7900999826192856,
        0.8006999790668488
    ]
}