{
    "E_cost": [
        5.019028153987289,
        3.400823307596588,
        8.651048159266775,
        10.356851461583878,
        6.372390871741394,
        3.257536903096546,
        3.257536903096546,
        3.667536903096546,
        3.667536903096546,
        3.257536903096546,
        3.257536903096546,
        3.257536903096546,
        3.257536903096546,
        3.257536903096546,
        3.257536903096546,
        3.257536903096546,
        3.257536903096546,
        3.257536903096546,
        3.257536903096546,
        3.257536903096546,
        3.257536903096546,
        3.599425994008307,
        3.257536903096546,
        3.257536903096546,
        3.257536903096546,
        3.257536903096546,
        3.599425994008307,
        3.257536903096546,
        3.257536903096546,
        3.257536903096546,
        3.257536903096546,
        3.400823307596588,
        3.400823307596588,
        3.400823307596588,
        3.400823307596588,
        3.667536903096546,
        3.400823307596588,
        3.400823307596588,
        3.400823307596588,
        3.400823307596588,
        3.400823307596588,
        3.400823307596588,
        3.400823307596588,
        3.257536903096546,
        3.257536903096546,
        3.257536903096546,
        3.257536903096546,
        3.257536903096546,
        3.257536903096546,
        3.669241749487247,
        3.257536903096546,
        3.257536903096546,
        3.257536903096546,
        3.257536903096546,
        3.257536903096546,
        3.257536903096546,
        3.257536903096546,
        3.257536903096546,
        3.257536903096546,
        3.257536903096546
    ],
    "loss": [
        1.4205391198396682,
        1.1230923354625701,
        0.9121123024821282,
        0.8401842769980431,
        0.7892284913361073,
        0.7914522534608841,
        0.8031363143026828,
        0.8115239541232586,
        0.8055249279737473,
        0.8368521082401276,
        0.8106169909238815,
        0.8306380307674408,
        0.8466799512505532,
        0.8951426383852958,
        0.8893813435733319,
        0.8804321539402008,
        0.8946874748170376,
        0.9283396647870541,
        0.9381610786914826,
        0.9619909098744392,
        0.9781111891567708,
        0.9084986066818237,
        0.9912089604139328,
        0.987905490398407,
        1.0496994568407536,
        1.036591659784317,
        0.9706562343239784,
        1.0489398288726806,
        1.0614406690001488,
        1.1248049181699753,
        1.1087351387739182,
        1.0235833403468133,
        1.0417270182073117,
        1.0164914032816887,
        1.1029240795969963,
        0.9859838327765464,
        1.029241591244936,
        1.0575644700229168,
        1.0601720058917998,
        1.106197613030672,
        1.0569827768206597,
        1.0823659358918667,
        1.1666597175598143,
        1.1224164351820947,
        1.162105529010296,
        1.1943616661429406,
        1.2069144532084466,
        1.2257627035677432,
        1.2397728763520717,
        1.0673740592598915,
        1.1458333960175515,
        1.1724267333745957,
        1.2315178003907203,
        1.3115106710791589,
        1.2261596098542213,
        1.2919688925147057,
        1.2980760672688485,
        1.3333482576906681,
        1.3578452014923095,
        1.3438569349050522
    ],
    "acc": [
        0.4944999885559082,
        0.6058999869227409,
        0.6813999861478806,
        0.7140999817848206,
        0.7319999814033509,
        0.7335999831557274,
        0.7312999820709228,
        0.729099982380867,
        0.7352999827265739,
        0.729599980711937,
        0.7414999794960022,
        0.7387999802827835,
        0.7393999809026718,
        0.7329999816417694,
        0.736899983882904,
        0.7385999819636345,
        0.7423999851942062,
        0.7314999833703041,
        0.7329999849200248,
        0.732799982726574,
        0.7342999812960624,
        0.7403999844193458,
        0.7356999802589417,
        0.7370999825000762,
        0.7314999806880951,
        0.7363999816775322,
        0.7420999795198441,
        0.7325999829173088,
        0.731899985074997,
        0.73289998203516,
        0.7397999829053878,
        0.7413999846577645,
        0.740999982059002,
        0.7425999817252159,
        0.7367999786138535,
        0.7430999818444252,
        0.7464999806880951,
        0.7425999826192856,
        0.7437999814748764,
        0.7397999808192253,
        0.7443999844789505,
        0.7453999802470207,
        0.7369999796152115,
        0.7396999827027321,
        0.7428999814391136,
        0.7384999820590019,
        0.7384999829530716,
        0.7353999835252761,
        0.7373999825119972,
        0.7437999838590622,
        0.7428999802470208,
        0.743099981546402,
        0.7388999849557877,
        0.7324999839067459,
        0.7433999848365783,
        0.7354999822378159,
        0.740199981033802,
        0.7344999846816063,
        0.7347999835014343,
        0.734099982380867
    ]
}