{
    "E_cost": [
        6.401727922873512,
        6.401727922873511,
        6.401727922873511,
        6.401727922873511,
        6.831528153987289,
        8.605650317030928,
        8.007370866461908,
        6.401727922873512,
        6.401727922873511,
        6.401727922873511,
        6.401727922873512,
        6.401727922873511,
        7.333619347546254,
        6.401727922873511,
        6.401727922873511,
        7.908213595499958,
        8.410678406009827,
        6.401727922873512,
        6.401727922873511,
        12.521562329783656,
        6.401727922873512,
        6.401727922873511,
        6.401727922873511,
        6.401727922873511,
        6.401727922873511,
        6.401727922873511,
        6.401727922873511,
        6.401727922873511,
        6.401727922873511,
        6.401727922873512,
        6.401727922873512,
        11.9176102550928,
        10.752382450983621,
        6.401727922873512,
        5.696820393249937,
        7.288114969578876,
        6.401727922873512,
        6.401727922873511,
        6.401727922873511,
        6.401727922873511,
        6.401727922873511,
        6.401727922873511,
        6.401727922873511,
        6.401727922873511,
        6.713163105724556,
        6.401727922873512,
        6.401727922873511,
        6.401727922873511,
        6.401727922873511,
        6.401727922873512,
        6.401727922873512,
        6.401727922873511,
        6.401727922873511,
        6.401727922873511,
        11.726669127533635,
        6.401727922873512,
        6.401727922873511,
        6.401727922873511,
        6.401727922873512,
        6.401727922873511
    ],
    "loss": [
        0.4370116577669978,
        0.1699571477761492,
        0.12663830703590065,
        0.11584822217933834,
        0.09795252216048539,
        0.0822940085164737,
        0.08610835254425182,
        0.07269023899105377,
        0.0711084853427019,
        0.0724579218463623,
        0.0761589117438416,
        0.07079508752620313,
        0.06262986968504265,
        0.0737460106537037,
        0.061615292032947765,
        0.05977724580094218,
        0.061301520224660636,
        0.06068067858788709,
        0.05730899402973591,
        0.06190889548772247,
        0.05558004061262181,
        0.06037666761345463,
        0.06575378938603535,
        0.05709423152569798,
        0.06554964084360108,
        0.06107482821933445,
        0.0664698406937714,
        0.060664352873145616,
        0.06910772802304564,
        0.057418746433941126,
        0.06744605218102151,
        0.05257120112259145,
        0.05226442742743529,
        0.060077009976394036,
        0.0506906194696785,
        0.057540634893784956,
        0.05589391054142652,
        0.0545650826416022,
        0.059624574224230856,
        0.06855766750496514,
        0.060867447300375944,
        0.07046591587686635,
        0.06439427873305249,
        0.06259334372242847,
        0.05292871621739323,
        0.07044627681969132,
        0.06794684528442303,
        0.06680938736536973,
        0.06489659204811687,
        0.07065671718837621,
        0.06945587216915498,
        0.0659462324433116,
        0.07214424686666461,
        0.07294089709554129,
        0.05409103362208043,
        0.05614547467197553,
        0.07262006347706983,
        0.06488177920249655,
        0.07598475074254239,
        0.06839508068256776
    ],
    "acc": [
        0.8741939193010331,
        0.9467969501018524,
        0.9592969477176666,
        0.9626969462633133,
        0.9689979547262192,
        0.9737979573011398,
        0.9744949269294739,
        0.9762979537248612,
        0.9770979541540146,
        0.9767989641427994,
        0.9754969447851181,
        0.9780969452857972,
        0.9805979520082474,
        0.9775969487428665,
        0.9796969485282898,
        0.98059694647789,
        0.9803969484567642,
        0.9806969451904297,
        0.9818949234485627,
        0.9796969473361969,
        0.9816969472169876,
        0.9816959381103516,
        0.9795989632606507,
        0.9822969460487365,
        0.979797956943512,
        0.981196945309639,
        0.9815969467163086,
        0.9827969425916672,
        0.9815969508886337,
        0.982996945977211,
        0.980996943116188,
        0.9837969452142715,
        0.9840979540348053,
        0.9816969448328018,
        0.9831969428062439,
        0.9820969438552857,
        0.9835959374904633,
        0.9846979516744614,
        0.9839979571104049,
        0.9822979533672332,
        0.9828969430923462,
        0.9816969418525696,
        0.9834959310293198,
        0.9832979536056519,
        0.9830979520082473,
        0.9806979542970657,
        0.9822949266433716,
        0.9840979564189911,
        0.9832999747991562,
        0.9833979541063309,
        0.9832969444990158,
        0.9842999774217606,
        0.9833989638090134,
        0.9826969456672668,
        0.9842969417572022,
        0.9860969454050064,
        0.9823979526758194,
        0.984196942448616,
        0.9811979520320893,
        0.9840969479084015
    ]
}