{
    "E_cost": [
        6.276566482565892,
        3.932958259333856,
        3.932958259333856,
        3.932958259333856,
        3.2174495102245984,
        3.2174495102245984,
        3.2174495102245984,
        3.2174495102245984,
        3.2174495102245984,
        3.2174495102245984,
        3.2174495102245984,
        3.2174495102245984,
        3.2174495102245984,
        3.3445281539872886,
        3.3445281539872886,
        3.3445281539872886,
        3.3445281539872886,
        3.3445281539872886,
        3.3445281539872886,
        3.3445281539872886,
        3.3445281539872886,
        3.3445281539872886,
        3.3445281539872886,
        3.3445281539872886,
        3.3445281539872886,
        3.3445281539872886,
        3.2174495102245984,
        3.2174495102245984,
        3.2174495102245984,
        3.2174495102245984,
        3.2174495102245984,
        3.2174495102245984,
        3.3445281539872886,
        3.3445281539872886,
        3.093649122254148,
        3.3445281539872886,
        3.3445281539872886,
        3.093649122254148,
        3.093649122254148,
        3.093649122254148,
        3.093649122254148,
        3.093649122254148,
        3.4271349517372673,
        3.4271349517372673,
        3.4271349517372673,
        3.093649122254148,
        3.093649122254148,
        3.093649122254148,
        3.093649122254148,
        3.093649122254148,
        3.093649122254148,
        3.093649122254148,
        3.093649122254148,
        3.093649122254148,
        3.093649122254148,
        3.093649122254148,
        3.093649122254148,
        3.3445281539872886,
        3.093649122254148,
        3.093649122254148
    ],
    "loss": [
        0.5177111208438874,
        0.222989078941755,
        0.16591914040967823,
        0.16121331179048867,
        0.12691313186427577,
        0.14011164458701386,
        0.11601119126542471,
        0.10616052000317723,
        0.11314538995036855,
        0.11618257560068741,
        0.10741476954077371,
        0.10388290487404447,
        0.12929585083766143,
        0.09609311617794447,
        0.11022054708359065,
        0.10603921107569476,
        0.09008479372176226,
        0.09896528635465074,
        0.09671869447978679,
        0.09405750928621273,
        0.09652813268374302,
        0.10372120002226438,
        0.09055480067501775,
        0.09791228992675315,
        0.09742647437738924,
        0.09509387560749019,
        0.097752362276442,
        0.09207486994528154,
        0.09521758628361568,
        0.09496939757955261,
        0.10009905100363539,
        0.09423488846805413,
        0.10314220290805678,
        0.1023525468448861,
        0.10863846741522139,
        0.10446360751106112,
        0.10499395802960862,
        0.10311662861269724,
        0.10147081111099396,
        0.10054580572585109,
        0.10644944124348057,
        0.12045191261000582,
        0.10508807938056634,
        0.1014311760705823,
        0.10411522880292978,
        0.1098234288794174,
        0.1092342690875563,
        0.12102960571624635,
        0.11260574033556622,
        0.11404231863103632,
        0.11699033538355025,
        0.1341011167293618,
        0.10561174821986129,
        0.11829409355104872,
        0.11397418783941247,
        0.11938962512489297,
        0.11521226112550721,
        0.12590762251916657,
        0.1186026638741987,
        0.12548383203084085
    ],
    "acc": [
        0.8519797801971436,
        0.930096949338913,
        0.9471979600191116,
        0.9466959398984909,
        0.9597979545593261,
        0.9564969456195831,
        0.961797953248024,
        0.9670949238538742,
        0.9648979568481445,
        0.9630979543924332,
        0.9670979541540146,
        0.9658979558944703,
        0.9591939198970795,
        0.9708959352970123,
        0.9669979542493821,
        0.9697969448566437,
        0.972497952580452,
        0.9700969451665878,
        0.9725939124822617,
        0.9737959325313568,
        0.9733959317207337,
        0.9710969448089599,
        0.9756979519128799,
        0.9731969434022903,
        0.9726959359645844,
        0.9741959351301194,
        0.974296942949295,
        0.974296942949295,
        0.9728969430923462,
        0.9745949226617813,
        0.9750949239730835,
        0.9751979553699494,
        0.972492903470993,
        0.9741969454288483,
        0.9720979541540146,
        0.9732939141988755,
        0.9747979545593262,
        0.9750979542732239,
        0.9745979511737823,
        0.9747989636659622,
        0.9744969421625137,
        0.9723969453573227,
        0.9762969446182251,
        0.9780979520082473,
        0.9769949227571487,
        0.9755989629030227,
        0.9743969452381134,
        0.9720969444513321,
        0.9746969431638718,
        0.9765969425439834,
        0.9742959314584732,
        0.9726979547739029,
        0.9760979521274566,
        0.9759979516267776,
        0.9765949255228042,
        0.9764979547262191,
        0.9760969430208206,
        0.9739979541301728,
        0.9759969401359558,
        0.9739969444274902
    ]
}